model,mae,mse
baseline_lstm,1.6866272674493257,14.55151308483757
