model,mae,mse
baseline_lstm,2.6725898159657695,12.61553960863108
concat_ensemble,2.0610313063690846,7.580640673119561
