model,mae,mse
baseline_lstm_CRM,8.029392292759406,110.60546167320473
