model,mae,mse
baseline_lstm_MSFT,19.073196368961774,445.5892488800555
