model,mae,mse,mae_change (%),mse_change (%)
baseline_lstm,1.881128100484382,6.477291824689129,0.0,0.0
concat_deberta_sentiment_weighted_headline,1.8702652266068625,6.409968512700405,-0.5774659298706168,-1.0393743837835325
concat_ensemble_weighted_headline,1.8660388898351743,6.413976813536689,-0.8021362630924688,-0.9774920270089705
concat_llm_sentiment_weighted_headline,1.8644740798438448,6.438192873850475,-0.8853209218579473,-0.6036311454985376
concat_llm_sentiment_dynamic_headline,1.968648998789748,7.150431722148365,4.65257513737792,10.39230461862884
llm_price_prediction_headline,1.9027940547632167,6.503818897425935,1.1517532630157286,0.40953956460159463
