model,mae,mse
djia_lstm,207.36148930984237,73797.82108385657
