model,mae,mse
baseline_lstm,3.8012997047459214,24.945029329954075
concat_ensemble_weighted_headline,3.778339518822084,24.704991556812807
concat_llm_sentiment_weighted_headline,3.838173759269286,25.139849872131464
concat_llm_sentiment_dynamic_headline,4.1253762322740295,28.70856522906849
