model,mae,mse
baseline_lstm,2.6725898159657695,12.61553960863108
concat_ensemble_headline,2.103245959268957,8.108855600730134
