model,mae,mse
baseline_lstm,1.881128100484382,6.477291824689129
concat_distil_sentiment_weighted_headline,1.8634200651465616,6.417174739761131
concat_ensemble_weighted_headline,1.8650470730855315,6.414412708588815
concat_llm_sentiment_weighted_headline,1.905771902633496,6.571630437970263
concat_llm_sentiment_dynamic_headline,1.968648998789748,7.150431722148365
llm_price_prediction_headline,2.5400378151015777,10.753079680165582
baseline_lstm_lag3,3.630380600129705,21.29085291372349
concat_attention_ensemble_lag3_headline,4.469267060079644,31.813186601007455
