model,mae,mse
baseline_lstm,202.50172718076664,71935.13715441762
