model,mae,mse
baseline_lstm_NVDA,2.70094298019699,15.462907096353115
