model,mae,mse
baseline_lstm,2.6725898159657695,12.61553960863108
concat_ensemble_headline,2.090161556000463,7.435737328203596
