model,mae,mse
baseline_lstm,3.844500076059692,25.852498206075097