model,mae,mse
baseline_lstm_IBM,1.558612235452705,5.8443441451385
