model,mae,mse
baseline_lstm_AMZN,12.16184269887243,223.94423394146463
