model,mae,mse
baseline_lstm,3.8012997047459214,24.945029329954075
concat_ensemble_weighted_headline,3.778339518822084,24.704991556812807
