model,mae,mse
baseline_lstm,1.8871745370661264,6.629498058892686
concat_ensemble_headline,1.9139948445070827,6.779502528846518
concat_llm_sentiment_headline,1.919580862802228,6.798872007664497
concat_llm_price_headline,1.9330888809843607,6.914178738528228
llm_price_headline,2.343771065016153,9.404732054663718
concat_llm_embeddings_headline,2.7657398124211703,13.97884105882646
concat_llm_price_headline_headline,2.48749848447982,10.81863948805835
