model,mae,mse
baseline_lstm,2.3960357723566683,10.427950008527766
concat_ensemble_headline,1.9239806316025114,6.893856622783422
