model,mae,mse
baseline_lstm,1.8871745370661264,6.629498058892686
concat_ensemble_headline,1.8890163944615104,6.600131276023397
concat_llm_sentiment_headline,1.8739906201702856,6.526909185270459
concat_llm_price_headline,1.9330888809843607,6.914178738528228
llm_price_headline,2.343771065016153,9.404732054663718
concat_llm_embeddings_headline,2.7657398124211703,13.97884105882646
gated_attention_llm_sentiment_headline,1.928946705848193,6.880914824469501
