model,mae,mse
baseline_lstm,3.8012997047459214,24.945029329954075
concat_deberta_sentiment_weighted_headline,3.8000346109253673,24.84146923671858
concat_ensemble_weighted_headline,3.789347096682876,24.90273628567651
concat_llm_sentiment_weighted_headline,3.819437082600962,24.96907530756128
concat_llm_sentiment_dynamic_headline,4.1253762322740295,28.70856522906849
llm_price_prediction_headline,4.611791311457428,35.504956001037094
