model,mae,mse
baseline_lstm,2.3614583207852218,10.070468895580824
concat_ensemble_headline,1.9675131216611152,7.0160586498151725
concat_llm_price_headline,1.9330888809843607,6.914178738528228
llm_price_headline,2.343771065016153,9.404732054663718
