model,mae,mse
baseline_lstm,202.50172718076664,71935.13715441762
concat_ensemble_weighted_headline,204.09322165527485,72649.33490577554
