model,mae,mse
baseline_lstm,2.143939289246826,8.348365126619855
concat_ensemble_weighted_headline,2.1510758324153794,8.317774907612591
