model,mae,mse
baseline_lstm,3.2792289746280354,27.117883428780452
concat_ensemble_weighted_headline,3.3134659459796905,27.217706924389066
