model,mae,mse
baseline_lstm,1.715827254481613,6.718020366533195
concat_ensemble_weighted_headline,2.125207453031028,10.857784048365536
