model,mae,mse
baseline_lstm,1.881128100484382,6.477291824689129
concat_ensemble_weighted_headline,1.8671006289176029,6.447186097624118
concat_llm_sentiment_weighted_headline,1.8780334649626065,6.488509234274621
concat_llm_sentiment_dynamic_headline,1.968648998789748,7.150431722148365
llm_price_prediction_headline,2.3848466452262977,9.6202884785957

baseline_lstm_lag3,3.630380600129705,21.29085291372349
concat_attention_ensemble_lag3_headline,4.469267060079644,31.813186601007455


