model,mae,mse
baseline_lstm,10.93303232405353,161.0540833471631
concat_ensemble_weighted_headline,1.5358404913907282,5.727438652654706
