model,mae,mse
baseline_lstm,3.325509650436922,27.399424804164905
concat_ensemble_weighted_headline,3.4641002429340615,28.427935511055818
