model,mae,mse
baseline_lstm,1.881128100484382,6.477291824689129
concat_distil_sentiment_weighted_headline,1.8634200651465616,6.417174739761131
concat_ensemble_weighted_headline,1.8660388898351743,6.413976813536689
concat_llm_sentiment_weighted_headline,1.8644740798438446,6.438192873850475
concat_llm_sentiment_dynamic_headline,1.968648998789748,7.150431722148365
llm_price_prediction_headline,1.9027940547632167,6.503818897425935
