model,mae,mse
baseline_lstm,3.325509650436922,27.399424804164905
concat_deberta_sentiment_weighted_headline,3.3559136660080435,27.657971388347583
concat_ensemble_weighted_headline,3.4372143536466084,28.273377907085393
concat_llm_sentiment_weighted_headline,3.3240582056989214,27.431641272576535
concat_llm_sentiment_dynamic_headline,3.3625940101726433,27.703620133736383
llm_price_prediction_headline,3.95817633990976,35.301353438425316
