model,mae,mse
baseline_lstm,2.3960357723566683,10.427950008527766
concat_ensemble_headline,2.090161556000463,7.435737328203596
