model,mae,mse
baseline_lstm,2.337808740082107,9.499179156032667
concat_distil_sentiment_weighted_headline,2.2339741659357113,9.036702232139206
concat_ensemble_weighted_headline,2.1951110552715742,8.691957147965132
concat_llm_sentiment_weighted_headline,2.3023941955391267,9.527063576144869
concat_llm_sentiment_dynamic_headline,2.416305580282289,10.144152310914022
llm_price_prediction_headline,2.3962821623724446,10.28674774938352
