model,mae,mse
baseline_lstm,1.881128100484382,6.477291824689129
concat_deberta_sentiment_weighted_headline,1.8702652266068622,6.409968512700405
concat_ensemble_weighted_headline,1.8660388898351743,6.413976813536689
concat_llm_sentiment_weighted_headline,1.8644740798438448,6.438192873850475
concat_llm_sentiment_dynamic_headline,1.968648998789748,7.150431722148365
llm_price_prediction_headline,1.9027940547632167,6.503818897425935
