model,mae,mse
baseline_lstm,1.8842567375507773,6.595089900093919
llm_price_headline,2.343771065016153,9.404732054663718
concat_ensemble_headline,1.8890163944615104,6.600131276023397
concat_llm_sentiment_headline,1.8739906201702856,6.526909185270459
concat_llm_price_headline,1.9330888809843607,6.914178738528228
concat_llm_embeddings_headline,2.7657398124211703,13.97884105882646
concat_attention_llm_sentiment_headline,2.7904584936155095,13.467842234241877
concat_attention_lag1_llm_sentiment_headline,1.9054507207260967,6.653711190406105
